storyid	questionid	answer_sentenceid	answer
006536d7-2be3-49a4-a750-769684e952ed	006536d7-2be3-49a4-a750-769684e952ed_Q0	006536d7-2be3-49a4-a750-769684e952ed_0	three in the morning
006536d7-2be3-49a4-a750-769684e952ed	006536d7-2be3-49a4-a750-769684e952ed_Q1	006536d7-2be3-49a4-a750-769684e952ed_1	I
006536d7-2be3-49a4-a750-769684e952ed	006536d7-2be3-49a4-a750-769684e952ed_Q2	006536d7-2be3-49a4-a750-769684e952ed_1	from inside my
006536d7-2be3-49a4-a750-769684e952ed	006536d7-2be3-49a4-a750-769684e952ed_Q3	006536d7-2be3-49a4-a750-769684e952ed_1	my closet
04c164f6-da41-48a3-8aa3-eb7b650bb5f0	04c164f6-da41-48a3-8aa3-eb7b650bb5f0_Q0	04c164f6-da41-48a3-8aa3-eb7b650bb5f0_0	at an accounting
04c164f6-da41-48a3-8aa3-eb7b650bb5f0	04c164f6-da41-48a3-8aa3-eb7b650bb5f0_Q1	04c164f6-da41-48a3-8aa3-eb7b650bb5f0_1	yes no
04c164f6-da41-48a3-8aa3-eb7b650bb5f0	04c164f6-da41-48a3-8aa3-eb7b650bb5f0_Q2	04c164f6-da41-48a3-8aa3-eb7b650bb5f0_0	Larry worked at an accounting firm.
04c164f6-da41-48a3-8aa3-eb7b650bb5f0	04c164f6-da41-48a3-8aa3-eb7b650bb5f0_Q3	04c164f6-da41-48a3-8aa3-eb7b650bb5f0_4	the idea
0beabab2-fb49-460e-a6e6-f35a202e3348	0beabab2-fb49-460e-a6e6-f35a202e3348_Q0	0beabab2-fb49-460e-a6e6-f35a202e3348_0	a very short temper
0beabab2-fb49-460e-a6e6-f35a202e3348	0beabab2-fb49-460e-a6e6-f35a202e3348_Q1	0beabab2-fb49-460e-a6e6-f35a202e3348_1	guest
0beabab2-fb49-460e-a6e6-f35a202e3348	0beabab2-fb49-460e-a6e6-f35a202e3348_Q2	0beabab2-fb49-460e-a6e6-f35a202e3348_3	guest
0beabab2-fb49-460e-a6e6-f35a202e3348	0beabab2-fb49-460e-a6e6-f35a202e3348_Q3	0beabab2-fb49-460e-a6e6-f35a202e3348_3	Tom's guest became afraid and left quickly.
0dd3e2c3-3ea4-450a-97c4-42a54c426018	0dd3e2c3-3ea4-450a-97c4-42a54c426018_Q0	0dd3e2c3-3ea4-450a-97c4-42a54c426018_0	a new job
0dd3e2c3-3ea4-450a-97c4-42a54c426018	0dd3e2c3-3ea4-450a-97c4-42a54c426018_Q1	0dd3e2c3-3ea4-450a-97c4-42a54c426018_1	She
0dd3e2c3-3ea4-450a-97c4-42a54c426018	0dd3e2c3-3ea4-450a-97c4-42a54c426018_Q2	0dd3e2c3-3ea4-450a-97c4-42a54c426018_3	the first day
0dd3e2c3-3ea4-450a-97c4-42a54c426018	0dd3e2c3-3ea4-450a-97c4-42a54c426018_Q3	0dd3e2c3-3ea4-450a-97c4-42a54c426018_2	On the first day of work, Jane overslept.
110fafd1-2bb7-4ffe-aac7-475706165d41	110fafd1-2bb7-4ffe-aac7-475706165d41_Q0	110fafd1-2bb7-4ffe-aac7-475706165d41_0	four years old
110fafd1-2bb7-4ffe-aac7-475706165d41	110fafd1-2bb7-4ffe-aac7-475706165d41_Q1	110fafd1-2bb7-4ffe-aac7-475706165d41_0	I got Charlie Horse when I was four years old.
110fafd1-2bb7-4ffe-aac7-475706165d41	110fafd1-2bb7-4ffe-aac7-475706165d41_Q2	110fafd1-2bb7-4ffe-aac7-475706165d41_0	a brown stuffed horse
110fafd1-2bb7-4ffe-aac7-475706165d41	110fafd1-2bb7-4ffe-aac7-475706165d41_Q3	110fafd1-2bb7-4ffe-aac7-475706165d41_4	my radio
13573c2e-5eed-40eb-bbe5-ed259b5c76a6	13573c2e-5eed-40eb-bbe5-ed259b5c76a6_Q0	13573c2e-5eed-40eb-bbe5-ed259b5c76a6_1	she
13573c2e-5eed-40eb-bbe5-ed259b5c76a6	13573c2e-5eed-40eb-bbe5-ed259b5c76a6_Q1	13573c2e-5eed-40eb-bbe5-ed259b5c76a6_1	in her
13573c2e-5eed-40eb-bbe5-ed259b5c76a6	13573c2e-5eed-40eb-bbe5-ed259b5c76a6_Q2	13573c2e-5eed-40eb-bbe5-ed259b5c76a6_3	she
13573c2e-5eed-40eb-bbe5-ed259b5c76a6	13573c2e-5eed-40eb-bbe5-ed259b5c76a6_Q3	13573c2e-5eed-40eb-bbe5-ed259b5c76a6_1	she
1cc75245-93bd-44cc-b076-8d1b249e1ee5	1cc75245-93bd-44cc-b076-8d1b249e1ee5_Q0	1cc75245-93bd-44cc-b076-8d1b249e1ee5_2	She
1cc75245-93bd-44cc-b076-8d1b249e1ee5	1cc75245-93bd-44cc-b076-8d1b249e1ee5_Q1	1cc75245-93bd-44cc-b076-8d1b249e1ee5_2	Julie order the food through an online website.
1cc75245-93bd-44cc-b076-8d1b249e1ee5	1cc75245-93bd-44cc-b076-8d1b249e1ee5_Q2	1cc75245-93bd-44cc-b076-8d1b249e1ee5_3	The pizza
1cc75245-93bd-44cc-b076-8d1b249e1ee5	1cc75245-93bd-44cc-b076-8d1b249e1ee5_Q3	1cc75245-93bd-44cc-b076-8d1b249e1ee5_1	She thought she would order some Pizza.
1e379d2b-69e8-485e-92ac-4c3daa41e364	1e379d2b-69e8-485e-92ac-4c3daa41e364_Q0	1e379d2b-69e8-485e-92ac-4c3daa41e364_0	a goldfish
1e379d2b-69e8-485e-92ac-4c3daa41e364	1e379d2b-69e8-485e-92ac-4c3daa41e364_Q1	1e379d2b-69e8-485e-92ac-4c3daa41e364_0	from the pet
1e379d2b-69e8-485e-92ac-4c3daa41e364	1e379d2b-69e8-485e-92ac-4c3daa41e364_Q2	1e379d2b-69e8-485e-92ac-4c3daa41e364_1	She noticed that the goldfish looked quite fat.
1e379d2b-69e8-485e-92ac-4c3daa41e364	1e379d2b-69e8-485e-92ac-4c3daa41e364_Q3	1e379d2b-69e8-485e-92ac-4c3daa41e364_0	the pet store
210d56ce-a940-4766-9b7b-d086b2c5682d	210d56ce-a940-4766-9b7b-d086b2c5682d_Q0	210d56ce-a940-4766-9b7b-d086b2c5682d_2	the street
210d56ce-a940-4766-9b7b-d086b2c5682d	210d56ce-a940-4766-9b7b-d086b2c5682d_Q1	210d56ce-a940-4766-9b7b-d086b2c5682d_0	yes no
210d56ce-a940-4766-9b7b-d086b2c5682d	210d56ce-a940-4766-9b7b-d086b2c5682d_Q2	210d56ce-a940-4766-9b7b-d086b2c5682d_0	David was walking down the street when he fell down.
210d56ce-a940-4766-9b7b-d086b2c5682d	210d56ce-a940-4766-9b7b-d086b2c5682d_Q3	210d56ce-a940-4766-9b7b-d086b2c5682d_4	some peroxide and bandages
271616db-90c2-4303-9c2b-64f4061ceb56	271616db-90c2-4303-9c2b-64f4061ceb56_Q0	271616db-90c2-4303-9c2b-64f4061ceb56_1	a wallet
271616db-90c2-4303-9c2b-64f4061ceb56	271616db-90c2-4303-9c2b-64f4061ceb56_Q1	271616db-90c2-4303-9c2b-64f4061ceb56_2	down a
271616db-90c2-4303-9c2b-64f4061ceb56	271616db-90c2-4303-9c2b-64f4061ceb56_Q2	271616db-90c2-4303-9c2b-64f4061ceb56_3	That evening
271616db-90c2-4303-9c2b-64f4061ceb56	271616db-90c2-4303-9c2b-64f4061ceb56_Q3	271616db-90c2-4303-9c2b-64f4061ceb56_4	man
2d16bcd6-692a-4fc0-8e7c-4a6f81d9efa9	2d16bcd6-692a-4fc0-8e7c-4a6f81d9efa9_Q0	2d16bcd6-692a-4fc0-8e7c-4a6f81d9efa9_1	Bobby
2d16bcd6-692a-4fc0-8e7c-4a6f81d9efa9	2d16bcd6-692a-4fc0-8e7c-4a6f81d9efa9_Q1	2d16bcd6-692a-4fc0-8e7c-4a6f81d9efa9_0	Bobby
2d16bcd6-692a-4fc0-8e7c-4a6f81d9efa9	2d16bcd6-692a-4fc0-8e7c-4a6f81d9efa9_Q2	2d16bcd6-692a-4fc0-8e7c-4a6f81d9efa9_0	Bobby
2d16bcd6-692a-4fc0-8e7c-4a6f81d9efa9	2d16bcd6-692a-4fc0-8e7c-4a6f81d9efa9_Q3	2d16bcd6-692a-4fc0-8e7c-4a6f81d9efa9_1	Bill thought a truck would be better for what he needed.
2ef3788f-6b2b-45c8-b6ba-71450d565e6a	2ef3788f-6b2b-45c8-b6ba-71450d565e6a_Q0	2ef3788f-6b2b-45c8-b6ba-71450d565e6a_0	in
2ef3788f-6b2b-45c8-b6ba-71450d565e6a	2ef3788f-6b2b-45c8-b6ba-71450d565e6a_Q1	2ef3788f-6b2b-45c8-b6ba-71450d565e6a_2	in
2ef3788f-6b2b-45c8-b6ba-71450d565e6a	2ef3788f-6b2b-45c8-b6ba-71450d565e6a_Q2	2ef3788f-6b2b-45c8-b6ba-71450d565e6a_0	Last year I took a day trip to see a friend in Maine.
2ef3788f-6b2b-45c8-b6ba-71450d565e6a	2ef3788f-6b2b-45c8-b6ba-71450d565e6a_Q3	2ef3788f-6b2b-45c8-b6ba-71450d565e6a_3	friend
375c34c9-3d98-4b2f-9076-404f34ad4e66	375c34c9-3d98-4b2f-9076-404f34ad4e66_Q0	375c34c9-3d98-4b2f-9076-404f34ad4e66_0	Walter was worried because his dog was showing a lot of aggression.
375c34c9-3d98-4b2f-9076-404f34ad4e66	375c34c9-3d98-4b2f-9076-404f34ad4e66_Q1	375c34c9-3d98-4b2f-9076-404f34ad4e66_2	Walter
375c34c9-3d98-4b2f-9076-404f34ad4e66	375c34c9-3d98-4b2f-9076-404f34ad4e66_Q2	375c34c9-3d98-4b2f-9076-404f34ad4e66_3	his veterinarian
375c34c9-3d98-4b2f-9076-404f34ad4e66	375c34c9-3d98-4b2f-9076-404f34ad4e66_Q3	375c34c9-3d98-4b2f-9076-404f34ad4e66_0	his dog
3be3719a-ae77-4106-88ea-988afb19db99	3be3719a-ae77-4106-88ea-988afb19db99_Q0	3be3719a-ae77-4106-88ea-988afb19db99_1	a cross country meet
3be3719a-ae77-4106-88ea-988afb19db99	3be3719a-ae77-4106-88ea-988afb19db99_Q1	3be3719a-ae77-4106-88ea-988afb19db99_3	He stopped for a minute and stretched his bad leg.
3be3719a-ae77-4106-88ea-988afb19db99	3be3719a-ae77-4106-88ea-988afb19db99_Q2	3be3719a-ae77-4106-88ea-988afb19db99_4	yes no
3be3719a-ae77-4106-88ea-988afb19db99	3be3719a-ae77-4106-88ea-988afb19db99_Q3	3be3719a-ae77-4106-88ea-988afb19db99_4	a cross country meet
4d7b022e-25d2-4300-a9b0-24ab35f4045b	4d7b022e-25d2-4300-a9b0-24ab35f4045b_Q0	4d7b022e-25d2-4300-a9b0-24ab35f4045b_1	with a trip to the big
4d7b022e-25d2-4300-a9b0-24ab35f4045b	4d7b022e-25d2-4300-a9b0-24ab35f4045b_Q1	4d7b022e-25d2-4300-a9b0-24ab35f4045b_1	Melody took a nap during the two hour car ride to the aquarium.
4d7b022e-25d2-4300-a9b0-24ab35f4045b	4d7b022e-25d2-4300-a9b0-24ab35f4045b_Q2	4d7b022e-25d2-4300-a9b0-24ab35f4045b_3	sharks , tropical fish and many others
4d7b022e-25d2-4300-a9b0-24ab35f4045b	4d7b022e-25d2-4300-a9b0-24ab35f4045b_Q3	4d7b022e-25d2-4300-a9b0-24ab35f4045b_0	Melody's parents surprised her with a trip to the big aquarium.
50357157-3765-40b5-8e32-f86961c98be0	50357157-3765-40b5-8e32-f86961c98be0_Q0	50357157-3765-40b5-8e32-f86961c98be0_0	to a
50357157-3765-40b5-8e32-f86961c98be0	50357157-3765-40b5-8e32-f86961c98be0_Q1	50357157-3765-40b5-8e32-f86961c98be0_2	her cousin
50357157-3765-40b5-8e32-f86961c98be0	50357157-3765-40b5-8e32-f86961c98be0_Q2	50357157-3765-40b5-8e32-f86961c98be0_3	Her cousin agreed to drive if Nicole bought the tickets.
50357157-3765-40b5-8e32-f86961c98be0	50357157-3765-40b5-8e32-f86961c98be0_Q3	50357157-3765-40b5-8e32-f86961c98be0_0	a concert
5e76713f-92b2-4a5d-8f8d-510fde45705c	5e76713f-92b2-4a5d-8f8d-510fde45705c_Q0	5e76713f-92b2-4a5d-8f8d-510fde45705c_1	to Universal
5e76713f-92b2-4a5d-8f8d-510fde45705c	5e76713f-92b2-4a5d-8f8d-510fde45705c_Q1	5e76713f-92b2-4a5d-8f8d-510fde45705c_1	They were excited to go on all the rides.
5e76713f-92b2-4a5d-8f8d-510fde45705c	5e76713f-92b2-4a5d-8f8d-510fde45705c_Q2	5e76713f-92b2-4a5d-8f8d-510fde45705c_0	a lot of the characters
5e76713f-92b2-4a5d-8f8d-510fde45705c	5e76713f-92b2-4a5d-8f8d-510fde45705c_Q3	5e76713f-92b2-4a5d-8f8d-510fde45705c_0	The family planned their first trip to Universal Studios.
61550fe1-c17d-4b94-b225-941026bdb68e	61550fe1-c17d-4b94-b225-941026bdb68e_Q0	61550fe1-c17d-4b94-b225-941026bdb68e_0	a new hobby
61550fe1-c17d-4b94-b225-941026bdb68e	61550fe1-c17d-4b94-b225-941026bdb68e_Q1	61550fe1-c17d-4b94-b225-941026bdb68e_1	to the craft
61550fe1-c17d-4b94-b225-941026bdb68e	61550fe1-c17d-4b94-b225-941026bdb68e_Q2	61550fe1-c17d-4b94-b225-941026bdb68e_2	She
61550fe1-c17d-4b94-b225-941026bdb68e	61550fe1-c17d-4b94-b225-941026bdb68e_Q3	61550fe1-c17d-4b94-b225-941026bdb68e_0	to the craft
6ebc8d48-029b-4f00-89b3-773ce802825e	6ebc8d48-029b-4f00-89b3-773ce802825e_Q0	6ebc8d48-029b-4f00-89b3-773ce802825e_0	to the
6ebc8d48-029b-4f00-89b3-773ce802825e	6ebc8d48-029b-4f00-89b3-773ce802825e_Q1	6ebc8d48-029b-4f00-89b3-773ce802825e_0	to the
6ebc8d48-029b-4f00-89b3-773ce802825e	6ebc8d48-029b-4f00-89b3-773ce802825e_Q2	6ebc8d48-029b-4f00-89b3-773ce802825e_0	a romantic trip to the lake
6ebc8d48-029b-4f00-89b3-773ce802825e	6ebc8d48-029b-4f00-89b3-773ce802825e_Q3	6ebc8d48-029b-4f00-89b3-773ce802825e_0	a romantic trip to the lake
712702cc-f042-4ca5-84dc-ada756cc8959	712702cc-f042-4ca5-84dc-ada756cc8959_Q0	712702cc-f042-4ca5-84dc-ada756cc8959_0	to a
712702cc-f042-4ca5-84dc-ada756cc8959	712702cc-f042-4ca5-84dc-ada756cc8959_Q1	712702cc-f042-4ca5-84dc-ada756cc8959_1	fries
712702cc-f042-4ca5-84dc-ada756cc8959	712702cc-f042-4ca5-84dc-ada756cc8959_Q2	712702cc-f042-4ca5-84dc-ada756cc8959_2	ketchup
712702cc-f042-4ca5-84dc-ada756cc8959	712702cc-f042-4ca5-84dc-ada756cc8959_Q3	712702cc-f042-4ca5-84dc-ada756cc8959_2	yes no
77338898-07d4-4143-8451-284540c8b082	77338898-07d4-4143-8451-284540c8b082_Q0	77338898-07d4-4143-8451-284540c8b082_0	on the
77338898-07d4-4143-8451-284540c8b082	77338898-07d4-4143-8451-284540c8b082_Q1	77338898-07d4-4143-8451-284540c8b082_0	My first girlfriend i met on the internet.
77338898-07d4-4143-8451-284540c8b082	77338898-07d4-4143-8451-284540c8b082_Q2	77338898-07d4-4143-8451-284540c8b082_3	She stayed with me for a week or two.
77338898-07d4-4143-8451-284540c8b082	77338898-07d4-4143-8451-284540c8b082_Q3	77338898-07d4-4143-8451-284540c8b082_4	We decided we couldn't be apart so she moved in with me.
790d9cb4-4832-49e8-8137-331e79a4b9e6	790d9cb4-4832-49e8-8137-331e79a4b9e6_Q0	790d9cb4-4832-49e8-8137-331e79a4b9e6_0	the tree
790d9cb4-4832-49e8-8137-331e79a4b9e6	790d9cb4-4832-49e8-8137-331e79a4b9e6_Q1	790d9cb4-4832-49e8-8137-331e79a4b9e6_2	so many presents
790d9cb4-4832-49e8-8137-331e79a4b9e6	790d9cb4-4832-49e8-8137-331e79a4b9e6_Q2	790d9cb4-4832-49e8-8137-331e79a4b9e6_1	so many presents
790d9cb4-4832-49e8-8137-331e79a4b9e6	790d9cb4-4832-49e8-8137-331e79a4b9e6_Q3	790d9cb4-4832-49e8-8137-331e79a4b9e6_2	Tyler saw so many presents and could not wait to open them.
8036c905-f23e-4976-83a1-85d679b5e0c2	8036c905-f23e-4976-83a1-85d679b5e0c2_Q0	8036c905-f23e-4976-83a1-85d679b5e0c2_0	teacher
8036c905-f23e-4976-83a1-85d679b5e0c2	8036c905-f23e-4976-83a1-85d679b5e0c2_Q1	8036c905-f23e-4976-83a1-85d679b5e0c2_3	About 5 minutes later
8036c905-f23e-4976-83a1-85d679b5e0c2	8036c905-f23e-4976-83a1-85d679b5e0c2_Q2	8036c905-f23e-4976-83a1-85d679b5e0c2_1	The math teacher
8036c905-f23e-4976-83a1-85d679b5e0c2	8036c905-f23e-4976-83a1-85d679b5e0c2_Q3	8036c905-f23e-4976-83a1-85d679b5e0c2_4	I stood up feeling confident and turned it in.
865db3c4-a253-4d35-8766-25fc7e0a8cfb	865db3c4-a253-4d35-8766-25fc7e0a8cfb_Q0	865db3c4-a253-4d35-8766-25fc7e0a8cfb_0	on a trip to the
865db3c4-a253-4d35-8766-25fc7e0a8cfb	865db3c4-a253-4d35-8766-25fc7e0a8cfb_Q1	865db3c4-a253-4d35-8766-25fc7e0a8cfb_2	she
865db3c4-a253-4d35-8766-25fc7e0a8cfb	865db3c4-a253-4d35-8766-25fc7e0a8cfb_Q2	865db3c4-a253-4d35-8766-25fc7e0a8cfb_1	on a trip to the
865db3c4-a253-4d35-8766-25fc7e0a8cfb	865db3c4-a253-4d35-8766-25fc7e0a8cfb_Q3	865db3c4-a253-4d35-8766-25fc7e0a8cfb_0	Jill was going on a trip to the amazon.
87da1a22-df0b-410c-b186-439700b70ba6	87da1a22-df0b-410c-b186-439700b70ba6_Q0	87da1a22-df0b-410c-b186-439700b70ba6_0	Marcus needed clothing for a business casual event.
87da1a22-df0b-410c-b186-439700b70ba6	87da1a22-df0b-410c-b186-439700b70ba6_Q1	87da1a22-df0b-410c-b186-439700b70ba6_2	a pair
87da1a22-df0b-410c-b186-439700b70ba6	87da1a22-df0b-410c-b186-439700b70ba6_Q2	87da1a22-df0b-410c-b186-439700b70ba6_2	He
87da1a22-df0b-410c-b186-439700b70ba6	87da1a22-df0b-410c-b186-439700b70ba6_Q3	87da1a22-df0b-410c-b186-439700b70ba6_3	yes no
88fba119-ccac-4b82-881f-e609e188bebc	88fba119-ccac-4b82-881f-e609e188bebc_Q0	88fba119-ccac-4b82-881f-e609e188bebc_0	a defense attorney
88fba119-ccac-4b82-881f-e609e188bebc	88fba119-ccac-4b82-881f-e609e188bebc_Q1	88fba119-ccac-4b82-881f-e609e188bebc_2	yes no
88fba119-ccac-4b82-881f-e609e188bebc	88fba119-ccac-4b82-881f-e609e188bebc_Q2	88fba119-ccac-4b82-881f-e609e188bebc_4	yes no
88fba119-ccac-4b82-881f-e609e188bebc	88fba119-ccac-4b82-881f-e609e188bebc_Q3	88fba119-ccac-4b82-881f-e609e188bebc_4	a defense attorney
8bbe6d11-1e2e-413c-bf81-eaea05f4f1bd	8bbe6d11-1e2e-413c-bf81-eaea05f4f1bd_Q0	8bbe6d11-1e2e-413c-bf81-eaea05f4f1bd_0	David noticed he had put on a lot of weight recently.
8bbe6d11-1e2e-413c-bf81-eaea05f4f1bd	8bbe6d11-1e2e-413c-bf81-eaea05f4f1bd_Q1	8bbe6d11-1e2e-413c-bf81-eaea05f4f1bd_3	a vegetarian diet
8bbe6d11-1e2e-413c-bf81-eaea05f4f1bd	8bbe6d11-1e2e-413c-bf81-eaea05f4f1bd_Q2	8bbe6d11-1e2e-413c-bf81-eaea05f4f1bd_4	a few weeks
8bbe6d11-1e2e-413c-bf81-eaea05f4f1bd	8bbe6d11-1e2e-413c-bf81-eaea05f4f1bd_Q3	8bbe6d11-1e2e-413c-bf81-eaea05f4f1bd_0	David
8ca3cedb-510e-4454-ba08-93eaa605563b	8ca3cedb-510e-4454-ba08-93eaa605563b_Q0	8ca3cedb-510e-4454-ba08-93eaa605563b_0	Ava was six years old.
8ca3cedb-510e-4454-ba08-93eaa605563b	8ca3cedb-510e-4454-ba08-93eaa605563b_Q1	8ca3cedb-510e-4454-ba08-93eaa605563b_3	she
8ca3cedb-510e-4454-ba08-93eaa605563b	8ca3cedb-510e-4454-ba08-93eaa605563b_Q2	8ca3cedb-510e-4454-ba08-93eaa605563b_4	yes no
8ca3cedb-510e-4454-ba08-93eaa605563b	8ca3cedb-510e-4454-ba08-93eaa605563b_Q3	8ca3cedb-510e-4454-ba08-93eaa605563b_2	to the
8fba56f8-e9f8-45a9-a5b9-8adf1744e1ba	8fba56f8-e9f8-45a9-a5b9-8adf1744e1ba_Q0	8fba56f8-e9f8-45a9-a5b9-8adf1744e1ba_0	a letter
8fba56f8-e9f8-45a9-a5b9-8adf1744e1ba	8fba56f8-e9f8-45a9-a5b9-8adf1744e1ba_Q1	8fba56f8-e9f8-45a9-a5b9-8adf1744e1ba_1	a letter
8fba56f8-e9f8-45a9-a5b9-8adf1744e1ba	8fba56f8-e9f8-45a9-a5b9-8adf1744e1ba_Q2	8fba56f8-e9f8-45a9-a5b9-8adf1744e1ba_2	yes no
8fba56f8-e9f8-45a9-a5b9-8adf1744e1ba	8fba56f8-e9f8-45a9-a5b9-8adf1744e1ba_Q3	8fba56f8-e9f8-45a9-a5b9-8adf1744e1ba_3	a letter
8fbef343-8806-4bcf-9326-08ca6ebf6cb9	8fbef343-8806-4bcf-9326-08ca6ebf6cb9_Q0	8fbef343-8806-4bcf-9326-08ca6ebf6cb9_0	hockey
8fbef343-8806-4bcf-9326-08ca6ebf6cb9	8fbef343-8806-4bcf-9326-08ca6ebf6cb9_Q1	8fbef343-8806-4bcf-9326-08ca6ebf6cb9_2	Luke
8fbef343-8806-4bcf-9326-08ca6ebf6cb9	8fbef343-8806-4bcf-9326-08ca6ebf6cb9_Q2	8fbef343-8806-4bcf-9326-08ca6ebf6cb9_3	Everybody
8fbef343-8806-4bcf-9326-08ca6ebf6cb9	8fbef343-8806-4bcf-9326-08ca6ebf6cb9_Q3	8fbef343-8806-4bcf-9326-08ca6ebf6cb9_2	Then Luke made the winning shot!
9a66b66d-034d-495e-a60e-e22c25e0e0fa	9a66b66d-034d-495e-a60e-e22c25e0e0fa_Q0	9a66b66d-034d-495e-a60e-e22c25e0e0fa_0	tacos
9a66b66d-034d-495e-a60e-e22c25e0e0fa	9a66b66d-034d-495e-a60e-e22c25e0e0fa_Q1	9a66b66d-034d-495e-a60e-e22c25e0e0fa_3	great care
a107d361-e8a4-4cb6-8ffb-623a4c49ee1e	a107d361-e8a4-4cb6-8ffb-623a4c49ee1e_Q0	a107d361-e8a4-4cb6-8ffb-623a4c49ee1e_0	Stacy originally thought she wanted five kids.
a107d361-e8a4-4cb6-8ffb-623a4c49ee1e	a107d361-e8a4-4cb6-8ffb-623a4c49ee1e_Q1	a107d361-e8a4-4cb6-8ffb-623a4c49ee1e_0	Stacy originally thought she wanted five kids.
a107d361-e8a4-4cb6-8ffb-623a4c49ee1e	a107d361-e8a4-4cb6-8ffb-623a4c49ee1e_Q2	a107d361-e8a4-4cb6-8ffb-623a4c49ee1e_3	selling
a107d361-e8a4-4cb6-8ffb-623a4c49ee1e	a107d361-e8a4-4cb6-8ffb-623a4c49ee1e_Q3	a107d361-e8a4-4cb6-8ffb-623a4c49ee1e_0	yes no
a111d580-1fb2-4ab1-848a-0856982dfcd5	a111d580-1fb2-4ab1-848a-0856982dfcd5_Q0	a111d580-1fb2-4ab1-848a-0856982dfcd5_0	a bottle of beer
a111d580-1fb2-4ab1-848a-0856982dfcd5	a111d580-1fb2-4ab1-848a-0856982dfcd5_Q1	a111d580-1fb2-4ab1-848a-0856982dfcd5_1	a popping noise
a111d580-1fb2-4ab1-848a-0856982dfcd5	a111d580-1fb2-4ab1-848a-0856982dfcd5_Q2	a111d580-1fb2-4ab1-848a-0856982dfcd5_0	beer
a111d580-1fb2-4ab1-848a-0856982dfcd5	a111d580-1fb2-4ab1-848a-0856982dfcd5_Q3	a111d580-1fb2-4ab1-848a-0856982dfcd5_4	a warm beer
a8d6e66b-da81-4dc7-a470-67f2ab32b9e6	a8d6e66b-da81-4dc7-a470-67f2ab32b9e6_Q0	a8d6e66b-da81-4dc7-a470-67f2ab32b9e6_0	Jude
a8d6e66b-da81-4dc7-a470-67f2ab32b9e6	a8d6e66b-da81-4dc7-a470-67f2ab32b9e6_Q1	a8d6e66b-da81-4dc7-a470-67f2ab32b9e6_0	On the way to the
a8d6e66b-da81-4dc7-a470-67f2ab32b9e6	a8d6e66b-da81-4dc7-a470-67f2ab32b9e6_Q2	a8d6e66b-da81-4dc7-a470-67f2ab32b9e6_0	yes no
a8d6e66b-da81-4dc7-a470-67f2ab32b9e6	a8d6e66b-da81-4dc7-a470-67f2ab32b9e6_Q3	a8d6e66b-da81-4dc7-a470-67f2ab32b9e6_0	his college graduation ceremony
aab4ee80-fc00-4d9c-a127-a63b54dfd193	aab4ee80-fc00-4d9c-a127-a63b54dfd193_Q0	aab4ee80-fc00-4d9c-a127-a63b54dfd193_2	rushed
ae7e744e-fd27-46c2-befb-7e8427cb679c	ae7e744e-fd27-46c2-befb-7e8427cb679c_Q0	ae7e744e-fd27-46c2-befb-7e8427cb679c_0	thunder
ae7e744e-fd27-46c2-befb-7e8427cb679c	ae7e744e-fd27-46c2-befb-7e8427cb679c_Q1	ae7e744e-fd27-46c2-befb-7e8427cb679c_0	of
b93f956f-2256-4c6d-91d2-7675dff455f0	b93f956f-2256-4c6d-91d2-7675dff455f0_Q0	b93f956f-2256-4c6d-91d2-7675dff455f0_0	dog
b93f956f-2256-4c6d-91d2-7675dff455f0	b93f956f-2256-4c6d-91d2-7675dff455f0_Q1	b93f956f-2256-4c6d-91d2-7675dff455f0_2	Chad
b93f956f-2256-4c6d-91d2-7675dff455f0	b93f956f-2256-4c6d-91d2-7675dff455f0_Q2	b93f956f-2256-4c6d-91d2-7675dff455f0_3	taught
b93f956f-2256-4c6d-91d2-7675dff455f0	b93f956f-2256-4c6d-91d2-7675dff455f0_Q3	b93f956f-2256-4c6d-91d2-7675dff455f0_4	Chad was proud to finally show off his dog to others.
b94e1810-9869-4af6-bb74-b4a51c46f3d2	b94e1810-9869-4af6-bb74-b4a51c46f3d2_Q0	b94e1810-9869-4af6-bb74-b4a51c46f3d2_0	Jake needed a ride to the store.
b94e1810-9869-4af6-bb74-b4a51c46f3d2	b94e1810-9869-4af6-bb74-b4a51c46f3d2_Q1	b94e1810-9869-4af6-bb74-b4a51c46f3d2_1	girlfriend
b94e1810-9869-4af6-bb74-b4a51c46f3d2	b94e1810-9869-4af6-bb74-b4a51c46f3d2_Q2	b94e1810-9869-4af6-bb74-b4a51c46f3d2_2	Jake
b94e1810-9869-4af6-bb74-b4a51c46f3d2	b94e1810-9869-4af6-bb74-b4a51c46f3d2_Q3	b94e1810-9869-4af6-bb74-b4a51c46f3d2_0	a ride to the store
bfa4ef8c-715d-4287-88a5-035611e34e40	bfa4ef8c-715d-4287-88a5-035611e34e40_Q0	bfa4ef8c-715d-4287-88a5-035611e34e40_0	His girlfriend
bfa4ef8c-715d-4287-88a5-035611e34e40	bfa4ef8c-715d-4287-88a5-035611e34e40_Q1	bfa4ef8c-715d-4287-88a5-035611e34e40_0	dogs
bfa4ef8c-715d-4287-88a5-035611e34e40	bfa4ef8c-715d-4287-88a5-035611e34e40_Q2	bfa4ef8c-715d-4287-88a5-035611e34e40_2	Justin went to therapy to help him get over his fear.
bfa4ef8c-715d-4287-88a5-035611e34e40	bfa4ef8c-715d-4287-88a5-035611e34e40_Q3	bfa4ef8c-715d-4287-88a5-035611e34e40_2	Justin went to therapy to help him get over his fear.
c400d38a-54fc-45da-99ed-558fcfc81016	c400d38a-54fc-45da-99ed-558fcfc81016_Q0	c400d38a-54fc-45da-99ed-558fcfc81016_2	his hair
c400d38a-54fc-45da-99ed-558fcfc81016	c400d38a-54fc-45da-99ed-558fcfc81016_Q1	c400d38a-54fc-45da-99ed-558fcfc81016_4	dramatic effect
c400d38a-54fc-45da-99ed-558fcfc81016	c400d38a-54fc-45da-99ed-558fcfc81016_Q2	c400d38a-54fc-45da-99ed-558fcfc81016_1	Andy
c400d38a-54fc-45da-99ed-558fcfc81016	c400d38a-54fc-45da-99ed-558fcfc81016_Q3	c400d38a-54fc-45da-99ed-558fcfc81016_4	yes no
c71bb23b-7731-4233-8298-76ba6886cee1	c71bb23b-7731-4233-8298-76ba6886cee1_Q0	c71bb23b-7731-4233-8298-76ba6886cee1_0	a pastor
c71bb23b-7731-4233-8298-76ba6886cee1	c71bb23b-7731-4233-8298-76ba6886cee1_Q1	c71bb23b-7731-4233-8298-76ba6886cee1_0	Sundays
c71bb23b-7731-4233-8298-76ba6886cee1	c71bb23b-7731-4233-8298-76ba6886cee1_Q2	c71bb23b-7731-4233-8298-76ba6886cee1_0	yes no
c71bb23b-7731-4233-8298-76ba6886cee1	c71bb23b-7731-4233-8298-76ba6886cee1_Q3	c71bb23b-7731-4233-8298-76ba6886cee1_0	John was a pastor with a very bad memory.
d869c6d9-4a06-4d94-bf97-dc37167a5520	d869c6d9-4a06-4d94-bf97-dc37167a5520_Q0	d869c6d9-4a06-4d94-bf97-dc37167a5520_0	One day
d869c6d9-4a06-4d94-bf97-dc37167a5520	d869c6d9-4a06-4d94-bf97-dc37167a5520_Q1	d869c6d9-4a06-4d94-bf97-dc37167a5520_1	an adult baseball team
d869c6d9-4a06-4d94-bf97-dc37167a5520	d869c6d9-4a06-4d94-bf97-dc37167a5520_Q2	d869c6d9-4a06-4d94-bf97-dc37167a5520_0	a good baseball player in his youth
d869c6d9-4a06-4d94-bf97-dc37167a5520	d869c6d9-4a06-4d94-bf97-dc37167a5520_Q3	d869c6d9-4a06-4d94-bf97-dc37167a5520_3	One day, he slid into second base to beat a throw and hurt his knee.
e663b977-2af7-4b1d-bd33-352d932f851b	e663b977-2af7-4b1d-bd33-352d932f851b_Q0	e663b977-2af7-4b1d-bd33-352d932f851b_0	at her local fast food
e663b977-2af7-4b1d-bd33-352d932f851b	e663b977-2af7-4b1d-bd33-352d932f851b_Q1	e663b977-2af7-4b1d-bd33-352d932f851b_1	yes no
e663b977-2af7-4b1d-bd33-352d932f851b	e663b977-2af7-4b1d-bd33-352d932f851b_Q2	e663b977-2af7-4b1d-bd33-352d932f851b_2	Wendy
e663b977-2af7-4b1d-bd33-352d932f851b	e663b977-2af7-4b1d-bd33-352d932f851b_Q3	e663b977-2af7-4b1d-bd33-352d932f851b_4	Wendy
f3643541-c339-4377-851d-144ea400d551	f3643541-c339-4377-851d-144ea400d551_Q0	f3643541-c339-4377-851d-144ea400d551_0	a daughter
f3643541-c339-4377-851d-144ea400d551	f3643541-c339-4377-851d-144ea400d551_Q1	f3643541-c339-4377-851d-144ea400d551_0	Eric
f3643541-c339-4377-851d-144ea400d551	f3643541-c339-4377-851d-144ea400d551_Q2	f3643541-c339-4377-851d-144ea400d551_3	Eric met a woman and married her 5 years after his wife died.
f3643541-c339-4377-851d-144ea400d551	f3643541-c339-4377-851d-144ea400d551_Q3	f3643541-c339-4377-851d-144ea400d551_2	Eric
f7559f25-0358-4f57-b079-dec2199b4ec3	f7559f25-0358-4f57-b079-dec2199b4ec3_Q0	f7559f25-0358-4f57-b079-dec2199b4ec3_0	a house
f7559f25-0358-4f57-b079-dec2199b4ec3	f7559f25-0358-4f57-b079-dec2199b4ec3_Q1	f7559f25-0358-4f57-b079-dec2199b4ec3_1	Nick
f7559f25-0358-4f57-b079-dec2199b4ec3	f7559f25-0358-4f57-b079-dec2199b4ec3_Q2	f7559f25-0358-4f57-b079-dec2199b4ec3_3	He knew it had to be Nick so he decided he would move out.
f7559f25-0358-4f57-b079-dec2199b4ec3	f7559f25-0358-4f57-b079-dec2199b4ec3_Q3	f7559f25-0358-4f57-b079-dec2199b4ec3_3	He knew it had to be Nick so he decided he would move out.
4014eba9-f77e-4c1d-843f-135b6ec3aa42	4014eba9-f77e-4c1d-843f-135b6ec3aa42_Q0	4014eba9-f77e-4c1d-843f-135b6ec3aa42_0	Suzy
4014eba9-f77e-4c1d-843f-135b6ec3aa42	4014eba9-f77e-4c1d-843f-135b6ec3aa42_Q1	4014eba9-f77e-4c1d-843f-135b6ec3aa42_1	the famous paw patrol toy
4014eba9-f77e-4c1d-843f-135b6ec3aa42	4014eba9-f77e-4c1d-843f-135b6ec3aa42_Q2	4014eba9-f77e-4c1d-843f-135b6ec3aa42_2	She
4014eba9-f77e-4c1d-843f-135b6ec3aa42	4014eba9-f77e-4c1d-843f-135b6ec3aa42_Q3	4014eba9-f77e-4c1d-843f-135b6ec3aa42_4	Suzy was so happy that daddy bought her the paw patrol toy!
e7a76ca7-b80a-4b39-9b6f-b5e8e2a9c644	e7a76ca7-b80a-4b39-9b6f-b5e8e2a9c644_Q0	e7a76ca7-b80a-4b39-9b6f-b5e8e2a9c644_0	Two weeks ago
e7a76ca7-b80a-4b39-9b6f-b5e8e2a9c644	e7a76ca7-b80a-4b39-9b6f-b5e8e2a9c644_Q1	e7a76ca7-b80a-4b39-9b6f-b5e8e2a9c644_0	Two weeks ago my sister in law called up.
e7a76ca7-b80a-4b39-9b6f-b5e8e2a9c644	e7a76ca7-b80a-4b39-9b6f-b5e8e2a9c644_Q2	e7a76ca7-b80a-4b39-9b6f-b5e8e2a9c644_1	her ten and seven year old grandchildren
e7a76ca7-b80a-4b39-9b6f-b5e8e2a9c644	e7a76ca7-b80a-4b39-9b6f-b5e8e2a9c644_Q3	e7a76ca7-b80a-4b39-9b6f-b5e8e2a9c644_3	in
4a58b6a6-ab4c-4bea-8c59-d110f7fc8d06	4a58b6a6-ab4c-4bea-8c59-d110f7fc8d06_Q0	4a58b6a6-ab4c-4bea-8c59-d110f7fc8d06_0	a cake
4a58b6a6-ab4c-4bea-8c59-d110f7fc8d06	4a58b6a6-ab4c-4bea-8c59-d110f7fc8d06_Q1	4a58b6a6-ab4c-4bea-8c59-d110f7fc8d06_1	in her
4a58b6a6-ab4c-4bea-8c59-d110f7fc8d06	4a58b6a6-ab4c-4bea-8c59-d110f7fc8d06_Q2	4a58b6a6-ab4c-4bea-8c59-d110f7fc8d06_2	cocoa powder
4a58b6a6-ab4c-4bea-8c59-d110f7fc8d06	4a58b6a6-ab4c-4bea-8c59-d110f7fc8d06_Q3	4a58b6a6-ab4c-4bea-8c59-d110f7fc8d06_4	the chocolate
ea4ef18f-a227-4141-9628-760f68b0484f	ea4ef18f-a227-4141-9628-760f68b0484f_Q0	ea4ef18f-a227-4141-9628-760f68b0484f_0	in
ea4ef18f-a227-4141-9628-760f68b0484f	ea4ef18f-a227-4141-9628-760f68b0484f_Q1	ea4ef18f-a227-4141-9628-760f68b0484f_1	Everyone
ea4ef18f-a227-4141-9628-760f68b0484f	ea4ef18f-a227-4141-9628-760f68b0484f_Q2	ea4ef18f-a227-4141-9628-760f68b0484f_0	Diana
ea4ef18f-a227-4141-9628-760f68b0484f	ea4ef18f-a227-4141-9628-760f68b0484f_Q3	ea4ef18f-a227-4141-9628-760f68b0484f_4	class
c61b63e2-1715-4cc5-8ef2-877d6a3b27c5	c61b63e2-1715-4cc5-8ef2-877d6a3b27c5_Q0	c61b63e2-1715-4cc5-8ef2-877d6a3b27c5_0	early yesterday
c61b63e2-1715-4cc5-8ef2-877d6a3b27c5	c61b63e2-1715-4cc5-8ef2-877d6a3b27c5_Q1	c61b63e2-1715-4cc5-8ef2-877d6a3b27c5_0	I woke up early yesterday because I was going on a trip.
c61b63e2-1715-4cc5-8ef2-877d6a3b27c5	c61b63e2-1715-4cc5-8ef2-877d6a3b27c5_Q2	c61b63e2-1715-4cc5-8ef2-877d6a3b27c5_2	to Dunn's
c61b63e2-1715-4cc5-8ef2-877d6a3b27c5	c61b63e2-1715-4cc5-8ef2-877d6a3b27c5_Q3	c61b63e2-1715-4cc5-8ef2-877d6a3b27c5_3	the falls
a401dae3-2777-4bbc-b1b2-8c2e28f49679	a401dae3-2777-4bbc-b1b2-8c2e28f49679_Q0	a401dae3-2777-4bbc-b1b2-8c2e28f49679_0	Tim
a401dae3-2777-4bbc-b1b2-8c2e28f49679	a401dae3-2777-4bbc-b1b2-8c2e28f49679_Q1	a401dae3-2777-4bbc-b1b2-8c2e28f49679_1	on a cruise
a401dae3-2777-4bbc-b1b2-8c2e28f49679	a401dae3-2777-4bbc-b1b2-8c2e28f49679_Q2	a401dae3-2777-4bbc-b1b2-8c2e28f49679_3	many souvenirs
a401dae3-2777-4bbc-b1b2-8c2e28f49679	a401dae3-2777-4bbc-b1b2-8c2e28f49679_Q3	a401dae3-2777-4bbc-b1b2-8c2e28f49679_0	Tim went on a cruise vacation.
ec56f0bb-b5f6-4d93-9b60-754e9fa6d5ae	ec56f0bb-b5f6-4d93-9b60-754e9fa6d5ae_Q0	ec56f0bb-b5f6-4d93-9b60-754e9fa6d5ae_0	a new car
ec56f0bb-b5f6-4d93-9b60-754e9fa6d5ae	ec56f0bb-b5f6-4d93-9b60-754e9fa6d5ae_Q1	ec56f0bb-b5f6-4d93-9b60-754e9fa6d5ae_0	for a new
ec56f0bb-b5f6-4d93-9b60-754e9fa6d5ae	ec56f0bb-b5f6-4d93-9b60-754e9fa6d5ae_Q2	ec56f0bb-b5f6-4d93-9b60-754e9fa6d5ae_3	the ford mustang
ec56f0bb-b5f6-4d93-9b60-754e9fa6d5ae	ec56f0bb-b5f6-4d93-9b60-754e9fa6d5ae_Q3	ec56f0bb-b5f6-4d93-9b60-754e9fa6d5ae_4	the ford mustang
d784f6e9-d27f-4932-99ef-e6e5fb1b7b7e	d784f6e9-d27f-4932-99ef-e6e5fb1b7b7e_Q0	d784f6e9-d27f-4932-99ef-e6e5fb1b7b7e_1	all the good ideas of his employees
d784f6e9-d27f-4932-99ef-e6e5fb1b7b7e	d784f6e9-d27f-4932-99ef-e6e5fb1b7b7e_Q1	d784f6e9-d27f-4932-99ef-e6e5fb1b7b7e_2	He
d784f6e9-d27f-4932-99ef-e6e5fb1b7b7e	d784f6e9-d27f-4932-99ef-e6e5fb1b7b7e_Q2	d784f6e9-d27f-4932-99ef-e6e5fb1b7b7e_3	Daniel
d784f6e9-d27f-4932-99ef-e6e5fb1b7b7e	d784f6e9-d27f-4932-99ef-e6e5fb1b7b7e_Q3	d784f6e9-d27f-4932-99ef-e6e5fb1b7b7e_3	was
c6f6d339-3ce5-42b4-9d15-434eb77d25a9	c6f6d339-3ce5-42b4-9d15-434eb77d25a9_Q0	c6f6d339-3ce5-42b4-9d15-434eb77d25a9_0	a solo
c6f6d339-3ce5-42b4-9d15-434eb77d25a9	c6f6d339-3ce5-42b4-9d15-434eb77d25a9_Q1	c6f6d339-3ce5-42b4-9d15-434eb77d25a9_2	When it was time to perform, Anthony got cold feet.
c6f6d339-3ce5-42b4-9d15-434eb77d25a9	c6f6d339-3ce5-42b4-9d15-434eb77d25a9_Q2	c6f6d339-3ce5-42b4-9d15-434eb77d25a9_0	auditioned
c6f6d339-3ce5-42b4-9d15-434eb77d25a9	c6f6d339-3ce5-42b4-9d15-434eb77d25a9_Q3	c6f6d339-3ce5-42b4-9d15-434eb77d25a9_4	a solo
f15c3d84-34ad-4b32-85f8-81cb3364f1c8	f15c3d84-34ad-4b32-85f8-81cb3364f1c8_Q0	f15c3d84-34ad-4b32-85f8-81cb3364f1c8_0	into the living
f15c3d84-34ad-4b32-85f8-81cb3364f1c8	f15c3d84-34ad-4b32-85f8-81cb3364f1c8_Q1	f15c3d84-34ad-4b32-85f8-81cb3364f1c8_1	she
f15c3d84-34ad-4b32-85f8-81cb3364f1c8	f15c3d84-34ad-4b32-85f8-81cb3364f1c8_Q2	f15c3d84-34ad-4b32-85f8-81cb3364f1c8_4	the repaired vase
f15c3d84-34ad-4b32-85f8-81cb3364f1c8	f15c3d84-34ad-4b32-85f8-81cb3364f1c8_Q3	f15c3d84-34ad-4b32-85f8-81cb3364f1c8_4	onto the
3d134fa3-ae1a-4aa3-bdf7-64d2d89e1d6a	3d134fa3-ae1a-4aa3-bdf7-64d2d89e1d6a_Q0	3d134fa3-ae1a-4aa3-bdf7-64d2d89e1d6a_0	her blind date
3d134fa3-ae1a-4aa3-bdf7-64d2d89e1d6a	3d134fa3-ae1a-4aa3-bdf7-64d2d89e1d6a_Q1	3d134fa3-ae1a-4aa3-bdf7-64d2d89e1d6a_1	she
3d134fa3-ae1a-4aa3-bdf7-64d2d89e1d6a	3d134fa3-ae1a-4aa3-bdf7-64d2d89e1d6a_Q2	3d134fa3-ae1a-4aa3-bdf7-64d2d89e1d6a_2	Anna was five minutes early to the agreed upon restaurant.
3d134fa3-ae1a-4aa3-bdf7-64d2d89e1d6a	3d134fa3-ae1a-4aa3-bdf7-64d2d89e1d6a_Q3	3d134fa3-ae1a-4aa3-bdf7-64d2d89e1d6a_3	She was surprised to find herself enjoying her dinner date.
522e694b-65a0-48cb-a685-f50ae70b0e41	522e694b-65a0-48cb-a685-f50ae70b0e41_Q0	522e694b-65a0-48cb-a685-f50ae70b0e41_0	around the
522e694b-65a0-48cb-a685-f50ae70b0e41	522e694b-65a0-48cb-a685-f50ae70b0e41_Q1	522e694b-65a0-48cb-a685-f50ae70b0e41_1	She
522e694b-65a0-48cb-a685-f50ae70b0e41	522e694b-65a0-48cb-a685-f50ae70b0e41_Q2	522e694b-65a0-48cb-a685-f50ae70b0e41_1	a rock
522e694b-65a0-48cb-a685-f50ae70b0e41	522e694b-65a0-48cb-a685-f50ae70b0e41_Q3	522e694b-65a0-48cb-a685-f50ae70b0e41_4	She thought she'd get in trouble, so she ran away.
c0c04169-38b8-45f8-81d4-146b2e0b1a4a	c0c04169-38b8-45f8-81d4-146b2e0b1a4a_Q0	c0c04169-38b8-45f8-81d4-146b2e0b1a4a_0	a beautiful dress
c0c04169-38b8-45f8-81d4-146b2e0b1a4a	c0c04169-38b8-45f8-81d4-146b2e0b1a4a_Q1	c0c04169-38b8-45f8-81d4-146b2e0b1a4a_3	to three more
c0c04169-38b8-45f8-81d4-146b2e0b1a4a	c0c04169-38b8-45f8-81d4-146b2e0b1a4a_Q2	c0c04169-38b8-45f8-81d4-146b2e0b1a4a_2	yes no
c0c04169-38b8-45f8-81d4-146b2e0b1a4a	c0c04169-38b8-45f8-81d4-146b2e0b1a4a_Q3	c0c04169-38b8-45f8-81d4-146b2e0b1a4a_3	Sonia had to go to three more stores before finding a good saleswoman.
fables-01	fables-01_Q1	fables-01_0	on a branch of a
fables-01	fables-01_Q10	fables-01_0	her
fables-01	fables-01_Q11	fables-01_0	Fox
fables-01	fables-01_Q12	fables-01_5	the tree
fables-01	fables-01_Q13	fables-01_4	The Crow was hugely flattered by this, and just to show the Fox that she could sing she gave a loud caw.
fables-01	fables-01_Q14	fables-01_0	Crow
fables-01	fables-01_Q15	fables-01_0	Crow
fables-01	fables-01_Q16	fables-01_5	Crow
fables-01	fables-01_Q17	fables-01_0	a branch of a tree
fables-01	fables-01_Q18	fables-01_0	Crow
fables-01	fables-01_Q19	fables-01_2	hue
fables-01	fables-01_Q20	fables-01_2	Her beauty
fables-01	fables-01_Q21	fables-01_1	A Crow
fables-01	fables-01_Q22	fables-01_5	the tree
fables-01	fables-01_Q2	fables-01_0	a branch
fables-01	fables-01_Q3	fables-01_0	Crow
fables-01	fables-01_Q4	fables-01_0	of
fables-01	fables-01_Q5	fables-01_0	on a branch of a
fables-01	fables-01_Q6	fables-01_0	a branch
fables-01	fables-01_Q7	fables-01_0	Crow
fables-01	fables-01_Q8	fables-01_0	Crow
fables-01	fables-01_Q9	fables-01_0	on a branch of a
fables-02	fables-02_Q1	fables-02_0	Bull
fables-02	fables-02_Q10	fables-02_0	A Lion watched a fat Bull feeding in a meadow, and his mouth watered when he thought of the royal feast he would make, but he did not dare to attack him, for he was afraid of his sharp horns.
fables-02	fables-02_Q11	fables-02_0	the world
fables-02	fables-02_Q12	fables-02_5	the world
fables-02	fables-02_Q13	fables-02_0	Lion
fables-02	fables-02_Q14	fables-02_0	A Lion watched a fat Bull feeding in a meadow, and his mouth watered when he thought of the royal feast he would make, but he did not dare to attack him, for he was afraid of his sharp horns.
fables-02	fables-02_Q15	fables-02_0	the world
fables-02	fables-02_Q16	fables-02_0	A Lion watched a fat Bull feeding in a meadow, and his mouth watered when he thought of the royal feast he would make, but he did not dare to attack him, for he was afraid of his sharp horns.
fables-02	fables-02_Q17	fables-02_0	the world
fables-02	fables-02_Q18	fables-02_0	his sharp horns
fables-02	fables-02_Q19	fables-02_0	Lion
fables-02	fables-02_Q2	fables-02_8	Bull
fables-02	fables-02_Q20	fables-02_0	A Lion watched a fat Bull feeding in a meadow, and his mouth watered when he thought of the royal feast he would make, but he did not dare to attack him, for he was afraid of his sharp horns.
fables-02	fables-02_Q21	fables-02_0	the world
fables-02	fables-02_Q22	fables-02_0	the world
fables-02	fables-02_Q23	fables-02_0	Lion
fables-02	fables-02-24	fables-02_0	a fat Bull feeding in a meadow
fables-02	fables-02-25	fables-02_8	Bull
fables-02	fables-02-26	fables-02_0	in a
fables-02	fables-02-27	fables-02_2	What a fine head
fables-02	fables-02-28	fables-02_8	the world
fables-02	fables-02-29	fables-02_4	What a fine head
fables-02	fables-02-30	fables-02_5	the world
fables-02	fables-02-31	fables-02_0	a fat Bull feeding in a meadow
fables-02	fables-02-32	fables-02_0	Lion
fables-02	fables-02-33	fables-02_0	Lion
fables-02	fables-02-34	fables-02_0	the world
fables-02	fables-02-35	fables-02_0	Lion
fables-02	fables-02-36	fables-02_0	Lion
fables-02	fables-02_Q3	fables-02_0	in a
fables-02	fables-02_Q4	fables-02_0	Lion
fables-02	fables-02_Q5	fables-02_0	a fat Bull feeding in a meadow
fables-02	fables-02_Q6	fables-02_0	the world
fables-02	fables-02_Q7	fables-02_0	Lion
fables-02	fables-02_Q8	fables-02_8	Bull
fables-02	fables-02_Q9	fables-02_0	the world
fables-03	fables-03_Q1	fables-03_0	Eagle
fables-03	fables-03_Q10	fables-03_4	of his
fables-03	fables-03_Q11	fables-03_4	man
fables-03	fables-03_Q12	fables-03_3	In
fables-03	fables-03_Q13	fables-03_0	Eagle
fables-03	fables-03_Q14	fables-03_1	Eagle
fables-03	fables-03_Q15	fables-03_2	Eagle
fables-03	fables-03_Q16	fables-03_2	countryman
fables-03	fables-03_Q17	fables-03_2	a life-and-death struggle
fables-03	fables-03_Q18	fables-03_2	countryman
fables-03	fables-03_Q19	fables-03_2	a life-and-death struggle
fables-03	fables-03_Q2	fables-03_0	Eagle
fables-03	fables-03_Q20	fables-03_0	An Eagle
fables-03	fables-03_Q21	fables-03_4	Eagle
fables-03	fables-03_Q22	fables-03_0	Eagle
fables-03	fables-03_Q23	fables-03_1	Eagle
fables-03	fables-03_Q24	fables-03_2	An Eagle
fables-03	fables-03_Q25	fables-03_2	Eagle
fables-03	fables-03_Q26	fables-03_4	Eagle
fables-03	fables-03_Q27	fables-03_0	in his
fables-03	fables-03_Q28	fables-03_2	him
fables-03	fables-03_Q29	fables-03_1	a life - and - death struggle between the two
fables-03	fables-03_Q30	fables-03_0	Eagle
fables-03	fables-03_Q31	fables-03_4	it
fables-03	fables-03_Q32	fables-03_0	An Eagle
fables-03	fables-03_Q33	fables-03_2	Serpent
fables-03	fables-03_Q34	fables-03_0	Eagle
fables-03	fables-03_Q35	fables-03_0	Eagle
fables-03	fables-03_Q36	fables-03_3	Eagle
fables-03	fables-03_Q37	fables-03_2	Eagle
fables-03	fables-03_Q3	fables-03_0	An Eagle
fables-03	fables-03_Q4	fables-03_2	countryman
fables-03	fables-03_Q5	fables-03_3	some of his poison
fables-03	fables-03_Q6	fables-03_3	into the man's drinking-
fables-03	fables-03_Q7	fables-03_2	a life-and-death struggle
fables-03	fables-03_Q8	fables-03_4	it
fables-03	fables-03_Q9	fables-03_4	it
fables-04	fables-04_Q1	fables-04_0	a Stork at which the only fare provided was a large flat dish of soup
fables-04	fables-04_Q10	fables-04_1	the savoury broth
fables-04	fables-04_Q11	fables-04_3	a pitcher with a long and narrow neck , into which she could get her bill with ease
fables-04	fables-04_Q12	fables-04_0	A Fox
fables-04	fables-04_Q13	fables-04_0	a large flat dish
fables-04	fables-04_Q14	fables-04_1	it
fables-04	fables-04_Q15	fables-04_1	it
fables-04	fables-04_Q16	fables-04_0	A Fox
fables-04	fables-04_Q17	fables-04_1	Fox
fables-04	fables-04_Q18	fables-04_1	it
fables-04	fables-04_Q19	fables-04_1	it
fables-04	fables-04_Q20	fables-04_2	Fox
fables-04	fables-04_Q21	fables-04_3	a pitcher with a long and narrow neck , into which she could get her bill with ease
fables-04	fables-04_Q22	fables-04_3	a pitcher
fables-04	fables-04_Q23	fables-04_2	the savoury broth
fables-04	fables-04_Q24	fables-04_2	Her evident distress
fables-04	fables-04_Q25	fables-04_1	Fox
fables-04	fables-04_Q26	fables-04_4	the vessel
fables-04	fables-04_Q27	fables-04_1	A Fox
fables-04	fables-04_Q2	fables-04_0	dinner
fables-04	fables-04_Q3	fables-04_0	of
fables-04	fables-04_Q4	fables-04_0	Fox
fables-04	fables-04_Q5	fables-04_0	of
fables-04	fables-04_Q6	fables-04_4	Thus, while she enjoyed her dinner, the Fox sat by hungry and helpless, for it was impossible for him to reach the tempting contents of the vessel.
fables-04	fables-04_Q7	fables-04_1	vain
fables-04	fables-04_Q8	fables-04_4	Thus, while she enjoyed her dinner, the Fox sat by hungry and helpless, for it was impossible for him to reach the tempting contents of the vessel.
fables-04	fables-04_Q9	fables-04_1	vain
fables-05	fables-05_Q1	fables-05_0	Farmer
fables-05	fables-05_Q10	fables-05_0	a trap
fables-05	fables-05_Q11	fables-05_0	Farmer
fables-05	fables-05_Q12	fables-05_0	A Farmer was greatly annoyed by a Fox, which came prowling about his yard at night and carried off his fowls.
fables-05	fables-05_Q13	fables-05_3	fire
fables-05	fables-05_Q14	fables-05_0	Farmer
fables-05	fables-05_Q15	fables-05_0	A Farmer
fables-05	fables-05_Q16	fables-05_0	Farmer
fables-05	fables-05_Q17	fables-05_0	A Farmer
fables-05	fables-05_Q18	fables-05_0	a Fox
fables-05	fables-05_Q19	fables-05_0	night
fables-05	fables-05_Q20	fables-05_2	for
fables-05	fables-05_Q21	fables-05_2	the corn
fables-05	fables-05_Q22	fables-05_0	a trap
fables-05	fables-05_Q23	fables-05_1	Farmer
fables-05	fables-05_Q24	fables-05_1	a trap
fables-05	fables-05_Q25	fables-05_3	A Farmer
fables-05	fables-05_Q2	fables-05_2	for the fields where the corn was standing ripe and ready for
fables-05	fables-05_Q3	fables-05_3	fire
fables-05	fables-05_Q4	fables-05_1	he
fables-05	fables-05_Q5	fables-05_1	in order to be revenged upon
fables-05	fables-05_Q6	fables-05_0	Farmer
fables-05	fables-05_Q7	fables-05_3	fire
fables-05	fables-05_Q8	fables-05_3	fire
fables-05	fables-05_Q9	fables-05_3	fire
fables-06	fables-06_Q1	fables-06_0	in his
fables-06	fables-06_Q10	fables-06_0	asleep
fables-06	fables-06_Q11	fables-06_6	One day the Lion got entangled in a net which had been spread for game by some hunters, and the Mouse heard and recognised his roars of anger and ran to the spot.
fables-06	fables-06_Q12	fables-06_2	him
fables-06	fables-06_Q13	fables-06_0	over his
fables-06	fables-06_Q14	fables-06_6	Mouse
fables-06	fables-06_Q15	fables-06_7	its teeth
fables-06	fables-06_Q16	fables-06_0	Mouse
fables-06	fables-06_Q17	fables-06_7	Mouse
fables-06	fables-06_Q18	fables-06_2	The Mouse, terrified, piteously entreated him to spare its life.
fables-06	fables-06_Q19	fables-06_6	Lion
fables-06	fables-06_Q2	fables-06_2	Mouse
fables-06	fables-06_Q20	fables-06_6	a net
fables-06	fables-06_Q21	fables-06_1	it
fables-06	fables-06_Q22	fables-06_1	his lair
fables-06	fables-06_Q23	fables-06_7	more ado
fables-06	fables-06_Q24	fables-06_7	its teeth
fables-06	fables-06_Q25	fables-06_3	your kindness
fables-06	fables-06_Q26	fables-06_6	A Lion
fables-06	fables-06_Q27	fables-06_9	his temper
fables-06	fables-06_Q28	fables-06_0	A Lion asleep in his lair was waked up by a Mouse running over his face.
fables-06	fables-06_Q29	fables-06_4	in his
fables-06	fables-06_Q30	fables-06_0	over his
fables-06	fables-06_Q3	fables-06_4	idea
fables-06	fables-06_Q4	fables-06_6	in a net which had been spread for game by some
fables-06	fables-06_Q5	fables-06_6	Lion
fables-06	fables-06_Q6	fables-06_0	A Lion asleep in his lair was waked up by a Mouse running over his face.
fables-06	fables-06_Q7	fables-06_6	Mouse
fables-06	fables-06_Q8	fables-06_6	Lion
fables-06	fables-06_Q9	fables-06_7	more ado
fables-07	fables-07_Q1	fables-07_0	in the
fables-07	fables-07_Q2	fables-07_0	Wolf
fables-07	fables-07_Q3	fables-07_0	Dog
fables-07	fables-07_Q4	fables-07_0	Dog
fables-07	fables-07_Q5	fables-07_0	Dog
fables-07	fables-07_Q6	fables-07_2	Wolf
fables-07	fables-07_Q7	fables-07_0	in the
fables-07	fables-07_Q8	fables-07_0	"A Dog was lying in the sun before a farmyard gate when a Wolf pounced upon him and was just going to eat him up; but he begged for his life and said, ""You see how thin I am and what a wretched meal I should make you now: but if you will only wait a few days my master is going to give a feast."
fables-07	fables-07_Q9	fables-07_0	Dog
mc500.train.0	mc500.train.0_Q0	mc500.train.0_4	She went to Miami to visit some friends.
mc500.train.0	mc500.train.0_Q1	mc500.train.0_14	a salad
mc500.train.0	mc500.train.0_Q10	mc500.train.0_11	at the
mc500.train.0	mc500.train.0_Q11	mc500.train.0_8	at Ellen's
mc500.train.0	mc500.train.0_Q12	mc500.train.0_7	some lemonade
mc500.train.0	mc500.train.0_Q13	mc500.train.0_17	for
mc500.train.0	mc500.train.0_Q14	mc500.train.0_18	yes no
mc500.train.0	mc500.train.0_Q15	mc500.train.0_6	yes no
mc500.train.0	mc500.train.0_Q16	mc500.train.0_0	to
mc500.train.0	mc500.train.0_Q17	mc500.train.0_0	yes no
mc500.train.0	mc500.train.0_Q18	mc500.train.0_0	a long trip
mc500.train.0	mc500.train.0_Q19	mc500.train.0_13	catfish
mc500.train.0	mc500.train.0_Q2	mc500.train.0_15	Kristin
mc500.train.0	mc500.train.0_Q20	mc500.train.0_8	Alyssa
mc500.train.0	mc500.train.0_Q21	mc500.train.0_17	After eating, the ladies went back to Ellen's house to have fun.
mc500.train.0	mc500.train.0_Q22	mc500.train.0_5	at the
mc500.train.0	mc500.train.0_Q23	mc500.train.0_5	at the
mc500.train.0	mc500.train.0_Q3	mc500.train.0_2	to the
mc500.train.0	mc500.train.0_Q4	mc500.train.0_20	her friends
mc500.train.0	mc500.train.0_Q5	mc500.train.0_19	They stayed the night because they were tired.
mc500.train.0	mc500.train.0_Q6	mc500.train.0_9	girls
mc500.train.0	mc500.train.0_Q7	mc500.train.0_5	She
mc500.train.0	mc500.train.0_Q8	mc500.train.0_13	a special on catfish
mc500.train.0	mc500.train.0_Q9	mc500.train.0_8	Ellen's house
mc500.train.111	mc500.train.111_Q0	mc500.train.111_12	a good laugh
mc500.train.111	mc500.train.111_Q1	mc500.train.111_13	a very silly looking dog
mc500.train.111	mc500.train.111_Q10	mc500.train.111_4	Will
mc500.train.111	mc500.train.111_Q11	mc500.train.111_4	a biscuit
mc500.train.111	mc500.train.111_Q12	mc500.train.111_6	chicken , gravy , or butter
mc500.train.111	mc500.train.111_Q13	mc500.train.111_15	Will was happy he didn't have to get wet walking home.
mc500.train.111	mc500.train.111_Q14	mc500.train.111_8	his way
mc500.train.111	mc500.train.111_Q2	mc500.train.111_11	It stopped raining and Will walked all the way to the store.
mc500.train.111	mc500.train.111_Q3	mc500.train.111_8	to the living
mc500.train.111	mc500.train.111_Q4	mc500.train.111_7	about a
mc500.train.111	mc500.train.111_Q5	mc500.train.111_9	a napkin
mc500.train.111	mc500.train.111_Q6	mc500.train.111_9	in the
mc500.train.111	mc500.train.111_Q7	mc500.train.111_0	his favorite song
mc500.train.111	mc500.train.111_Q8	mc500.train.111_0	his favorite song
mc500.train.111	mc500.train.111_Q9	mc500.train.111_3	in the night
mc500.train.18	mc500.train.18_Q0	mc500.train.18_0	one morning
mc500.train.18	mc500.train.18_Q1	mc500.train.18_0	her mom
mc500.train.18	mc500.train.18_Q10	mc500.train.18_9	she
mc500.train.18	mc500.train.18_Q11	mc500.train.18_12	the red one
mc500.train.18	mc500.train.18_Q12	mc500.train.18_10	her mother
mc500.train.18	mc500.train.18_Q13	mc500.train.18_6	string
mc500.train.18	mc500.train.18_Q14	mc500.train.18_1	the biggest, most beautiful bunch
mc500.train.18	mc500.train.18_Q15	mc500.train.18_0	a secret spot
mc500.train.18	mc500.train.18_Q16	mc500.train.18_9	Kelly was worried, so she hid them in a new spot that was up higher.
mc500.train.18	mc500.train.18_Q17	mc500.train.18_6	she
mc500.train.18	mc500.train.18_Q18	mc500.train.18_6	of
mc500.train.18	mc500.train.18_Q19	mc500.train.18_2	Mother's Day
mc500.train.18	mc500.train.18_Q2	mc500.train.18_2	flowers
mc500.train.18	mc500.train.18_Q20	mc500.train.18_0	to her back
mc500.train.18	mc500.train.18_Q21	mc500.train.18_6	Mother's Day
mc500.train.18	mc500.train.18_Q3	mc500.train.18_0	a lot of different sized flowers
mc500.train.18	mc500.train.18_Q4	mc500.train.18_6	she
mc500.train.18	mc500.train.18_Q5	mc500.train.18_3	in her
mc500.train.18	mc500.train.18_Q6	mc500.train.18_10	in a secret
mc500.train.18	mc500.train.18_Q7	mc500.train.18_0	Kelly woke up one morning and went outside to her back yard.
mc500.train.18	mc500.train.18_Q8	mc500.train.18_10	Finally, her mother woke up at 8:30 AM, and Kelly was excited!
mc500.train.18	mc500.train.18_Q9	mc500.train.18_5	The red ones
mc500.train.23	mc500.train.23_Q0	mc500.train.23_0	Saturday
mc500.train.23	mc500.train.23_Q1	mc500.train.23_1	TV
mc500.train.23	mc500.train.23_Q10	mc500.train.23_16	Andrew
mc500.train.23	mc500.train.23_Q11	mc500.train.23_18	lots of peanuts
mc500.train.23	mc500.train.23_Q12	mc500.train.23_20	to his
mc500.train.23	mc500.train.23_Q13	mc500.train.23_15	to his
mc500.train.23	mc500.train.23_Q14	mc500.train.23_3	in the
mc500.train.23	mc500.train.23_Q15	mc500.train.23_17	his dad
mc500.train.23	mc500.train.23_Q16	mc500.train.23_16	was
mc500.train.23	mc500.train.23_Q17	mc500.train.23_12	the newspaper
mc500.train.23	mc500.train.23_Q18	mc500.train.23_12	dad
mc500.train.23	mc500.train.23_Q19	mc500.train.23_18	lots of peanuts
mc500.train.23	mc500.train.23_Q2	mc500.train.23_5	in the
mc500.train.23	mc500.train.23_Q20	mc500.train.23_3	Andrew's dad
mc500.train.23	mc500.train.23_Q3	mc500.train.23_5	looked
mc500.train.23	mc500.train.23_Q4	mc500.train.23_6	On the
mc500.train.23	mc500.train.23_Q5	mc500.train.23_1	He had been watching TV all day.
mc500.train.23	mc500.train.23_Q6	mc500.train.23_8	the story
mc500.train.23	mc500.train.23_Q7	mc500.train.23_9	in
mc500.train.23	mc500.train.23_Q8	mc500.train.23_10	yes no
mc500.train.23	mc500.train.23_Q9	mc500.train.23_12	you
mc500.train.25	mc500.train.25_Q0	mc500.train.25_0	by the
mc500.train.25	mc500.train.25_Q1	mc500.train.25_0	in a beautiful pond by the
mc500.train.25	mc500.train.25_Q10	mc500.train.25_8	a happy frog
mc500.train.25	mc500.train.25_Q11	mc500.train.25_8	he
mc500.train.25	mc500.train.25_Q12	mc500.train.25_9	He
mc500.train.25	mc500.train.25_Q13	mc500.train.25_6	Cindy
mc500.train.25	mc500.train.25_Q14	mc500.train.25_6	one day
mc500.train.25	mc500.train.25_Q15	mc500.train.25_5	friends
mc500.train.25	mc500.train.25_Q16	mc500.train.25_4	She
mc500.train.25	mc500.train.25_Q17	mc500.train.25_8	saw
mc500.train.25	mc500.train.25_Q18	mc500.train.25_3	a happy frog
mc500.train.25	mc500.train.25_Q19	mc500.train.25_3	a new friend named Thomas
mc500.train.25	mc500.train.25_Q2	mc500.train.25_10	rocks
mc500.train.25	mc500.train.25_Q20	mc500.train.25_0	Maxine
mc500.train.25	mc500.train.25_Q3	mc500.train.25_3	a new friend named Thomas
mc500.train.25	mc500.train.25_Q4	mc500.train.25_4	one day
mc500.train.25	mc500.train.25_Q5	mc500.train.25_4	She
mc500.train.25	mc500.train.25_Q6	mc500.train.25_1	in a beautiful pond by the
mc500.train.25	mc500.train.25_Q7	mc500.train.25_4	Thomas loved to take lots of baths, so he became friends with Maxine.
mc500.train.25	mc500.train.25_Q8	mc500.train.25_7	She
mc500.train.25	mc500.train.25_Q9	mc500.train.25_10	She
